message;severity;node;stamp;location
"Oh no! I hit the wall! (Clamping from [x=11,120671, y=5,328094])";"30";"leo";"1759419327.151857676";"/home/yan/ros2_ws/src/ros_tutorials/turtlesim/src/turtle.cpp:update:288"
"Oh no! I hit the wall! (Clamping from [x=11,120882, y=4,263773])";"30";"raph";"1759419327.149864454";"/home/yan/ros2_ws/src/ros_tutorials/turtlesim/src/turtle.cpp:update:288"
"Oh no! I hit the wall! (Clamping from [x=11,120774, y=5,164818])";"30";"mickey";"1759419327.146849895";"/home/yan/ros2_ws/src/ros_tutorials/turtlesim/src/turtle.cpp:update:288"
"Oh no! I hit the wall! (Clamping from [x=11,120671, y=5,324364])";"30";"leo";"1759419327.135412341";"/home/yan/ros2_ws/src/ros_tutorials/turtlesim/src/turtle.cpp:update:288"
"Oh no! I hit the wall! (Clamping from [x=11,120882, y=4,263107])";"30";"raph";"1759419327.134525393";"/home/yan/ros2_ws/src/ros_tutorials/turtlesim/src/turtle.cpp:update:288"
"Oh no! I hit the wall! (Clamping from [x=11,120774, y=5,162107])";"30";"mickey";"1759419327.131502732";"/home/yan/ros2_ws/src/ros_tutorials/turtlesim/src/turtle.cpp:update:288"
"Oh no! I hit the wall! (Clamping from [x=11,120671, y=5,320635])";"30";"leo";"1759419327.119850600";"/home/yan/ros2_ws/src/ros_tutorials/turtlesim/src/turtle.cpp:update:288"
"Oh no! I hit the wall! (Clamping from [x=11,120882, y=4,262441])";"30";"raph";"1759419327.118621601";"/home/yan/ros2_ws/src/ros_tutorials/turtlesim/src/turtle.cpp:update:288"
"Oh no! I hit the wall! (Clamping from [x=11,120774, y=5,159396])";"30";"mickey";"1759419327.114601909";"/home/yan/ros2_ws/src/ros_tutorials/turtlesim/src/turtle.cpp:update:288"
"Oh no! I hit the wall! (Clamping from [x=11,120671, y=5,316905])";"30";"leo";"1759419327.105176855";"/home/yan/ros2_ws/src/ros_tutorials/turtlesim/src/turtle.cpp:update:288"
"Oh no! I hit the wall! (Clamping from [x=11,120882, y=4,261775])";"30";"raph";"1759419327.102440925";"/home/yan/ros2_ws/src/ros_tutorials/turtlesim/src/turtle.cpp:update:288"
"Oh no! I hit the wall! (Clamping from [x=11,120774, y=5,156685])";"30";"mickey";"1759419327.098477113";"/home/yan/ros2_ws/src/ros_tutorials/turtlesim/src/turtle.cpp:update:288"
"Oh no! I hit the wall! (Clamping from [x=11,120671, y=5,313176])";"30";"leo";"1759419327.087841429";"/home/yan/ros2_ws/src/ros_tutorials/turtlesim/src/turtle.cpp:update:288"
"Oh no! I hit the wall! (Clamping from [x=11,120882, y=4,261109])";"30";"raph";"1759419327.086217781";"/home/yan/ros2_ws/src/ros_tutorials/turtlesim/src/turtle.cpp:update:288"
"Oh no! I hit the wall! (Clamping from [x=11,120774, y=5,153975])";"30";"mickey";"1759419327.083179683";"/home/yan/ros2_ws/src/ros_tutorials/turtlesim/src/turtle.cpp:update:288"
"Oh no! I hit the wall! (Clamping from [x=11,120671, y=5,309446])";"30";"leo";"1759419327.071504571";"/home/yan/ros2_ws/src/ros_tutorials/turtlesim/src/turtle.cpp:update:288"
"Oh no! I hit the wall! (Clamping from [x=11,120882, y=4,260443])";"30";"raph";"1759419327.070451312";"/home/yan/ros2_ws/src/ros_tutorials/turtlesim/src/turtle.cpp:update:288"
"Oh no! I hit the wall! (Clamping from [x=11,120774, y=5,151264])";"30";"mickey";"1759419327.066518304";"/home/yan/ros2_ws/src/ros_tutorials/turtlesim/src/turtle.cpp:update:288"
"Oh no! I hit the wall! (Clamping from [x=11,120671, y=5,305717])";"30";"leo";"1759419327.055927044";"/home/yan/ros2_ws/src/ros_tutorials/turtlesim/src/turtle.cpp:update:288"
"Oh no! I hit the wall! (Clamping from [x=11,120882, y=4,259777])";"30";"raph";"1759419327.053766394";"/home/yan/ros2_ws/src/ros_tutorials/turtlesim/src/turtle.cpp:update:288"
"Oh no! I hit the wall! (Clamping from [x=11,120774, y=5,148553])";"30";"mickey";"1759419327.050909625";"/home/yan/ros2_ws/src/ros_tutorials/turtlesim/src/turtle.cpp:update:288"
"Oh no! I hit the wall! (Clamping from [x=11,120671, y=5,301987])";"30";"leo";"1759419327.039778220";"/home/yan/ros2_ws/src/ros_tutorials/turtlesim/src/turtle.cpp:update:288"
"Oh no! I hit the wall! (Clamping from [x=11,120882, y=4,259111])";"30";"raph";"1759419327.037781576";"/home/yan/ros2_ws/src/ros_tutorials/turtlesim/src/turtle.cpp:update:288"
"Oh no! I hit the wall! (Clamping from [x=11,120774, y=5,145842])";"30";"mickey";"1759419327.034836517";"/home/yan/ros2_ws/src/ros_tutorials/turtlesim/src/turtle.cpp:update:288"
"Oh no! I hit the wall! (Clamping from [x=11,120671, y=5,298257])";"30";"leo";"1759419327.023718593";"/home/yan/ros2_ws/src/ros_tutorials/turtlesim/src/turtle.cpp:update:288"
"Oh no! I hit the wall! (Clamping from [x=11,120882, y=4,258445])";"30";"raph";"1759419327.022623076";"/home/yan/ros2_ws/src/ros_tutorials/turtlesim/src/turtle.cpp:update:288"
"Oh no! I hit the wall! (Clamping from [x=11,120774, y=5,143131])";"30";"mickey";"1759419327.018607715";"/home/yan/ros2_ws/src/ros_tutorials/turtlesim/src/turtle.cpp:update:288"
"Oh no! I hit the wall! (Clamping from [x=11,120671, y=5,294528])";"30";"leo";"1759419327.008171521";"/home/yan/ros2_ws/src/ros_tutorials/turtlesim/src/turtle.cpp:update:288"
"Oh no! I hit the wall! (Clamping from [x=11,120882, y=4,257779])";"30";"raph";"1759419327.006684219";"/home/yan/ros2_ws/src/ros_tutorials/turtlesim/src/turtle.cpp:update:288"
"Oh no! I hit the wall! (Clamping from [x=11,120774, y=5,140420])";"30";"mickey";"1759419327.002759662";"/home/yan/ros2_ws/src/ros_tutorials/turtlesim/src/turtle.cpp:update:288"
"Oh no! I hit the wall! (Clamping from [x=11,120671, y=5,290798])";"30";"leo";"1759419326.991537871";"/home/yan/ros2_ws/src/ros_tutorials/turtlesim/src/turtle.cpp:update:288"
"Oh no! I hit the wall! (Clamping from [x=11,120882, y=4,257113])";"30";"raph";"1759419326.990451713";"/home/yan/ros2_ws/src/ros_tutorials/turtlesim/src/turtle.cpp:update:288"
"Oh no! I hit the wall! (Clamping from [x=11,120774, y=5,137710])";"30";"mickey";"1759419326.987196104";"/home/yan/ros2_ws/src/ros_tutorials/turtlesim/src/turtle.cpp:update:288"
"Oh no! I hit the wall! (Clamping from [x=11,120671, y=5,287069])";"30";"leo";"1759419326.975322059";"/home/yan/ros2_ws/src/ros_tutorials/turtlesim/src/turtle.cpp:update:288"
"Oh no! I hit the wall! (Clamping from [x=11,120882, y=4,256447])";"30";"raph";"1759419326.973899436";"/home/yan/ros2_ws/src/ros_tutorials/turtlesim/src/turtle.cpp:update:288"
"Oh no! I hit the wall! (Clamping from [x=11,120774, y=5,134999])";"30";"mickey";"1759419326.970890954";"/home/yan/ros2_ws/src/ros_tutorials/turtlesim/src/turtle.cpp:update:288"
"Oh no! I hit the wall! (Clamping from [x=11,120671, y=5,283339])";"30";"leo";"1759419326.959727277";"/home/yan/ros2_ws/src/ros_tutorials/turtlesim/src/turtle.cpp:update:288"
"Oh no! I hit the wall! (Clamping from [x=11,120882, y=4,255781])";"30";"raph";"1759419326.958072475";"/home/yan/ros2_ws/src/ros_tutorials/turtlesim/src/turtle.cpp:update:288"
"Oh no! I hit the wall! (Clamping from [x=11,120774, y=5,132288])";"30";"mickey";"1759419326.955044365";"/home/yan/ros2_ws/src/ros_tutorials/turtlesim/src/turtle.cpp:update:288"
"Oh no! I hit the wall! (Clamping from [x=11,120671, y=5,279609])";"30";"leo";"1759419326.944840419";"/home/yan/ros2_ws/src/ros_tutorials/turtlesim/src/turtle.cpp:update:288"
"Oh no! I hit the wall! (Clamping from [x=11,120882, y=4,255115])";"30";"raph";"1759419326.942791178";"/home/yan/ros2_ws/src/ros_tutorials/turtlesim/src/turtle.cpp:update:288"
"Oh no! I hit the wall! (Clamping from [x=11,120774, y=5,129577])";"30";"mickey";"1759419326.938699332";"/home/yan/ros2_ws/src/ros_tutorials/turtlesim/src/turtle.cpp:update:288"
"Oh no! I hit the wall! (Clamping from [x=11,120671, y=5,275880])";"30";"leo";"1759419326.928059805";"/home/yan/ros2_ws/src/ros_tutorials/turtlesim/src/turtle.cpp:update:288"
"Oh no! I hit the wall! (Clamping from [x=11,120882, y=4,254449])";"30";"raph";"1759419326.926492664";"/home/yan/ros2_ws/src/ros_tutorials/turtlesim/src/turtle.cpp:update:288"
"Oh no! I hit the wall! (Clamping from [x=11,120774, y=5,126866])";"30";"mickey";"1759419326.923227485";"/home/yan/ros2_ws/src/ros_tutorials/turtlesim/src/turtle.cpp:update:288"
"Oh no! I hit the wall! (Clamping from [x=11,120671, y=5,272150])";"30";"leo";"1759419326.912180876";"/home/yan/ros2_ws/src/ros_tutorials/turtlesim/src/turtle.cpp:update:288"
"Oh no! I hit the wall! (Clamping from [x=11,120882, y=4,253783])";"30";"raph";"1759419326.910232288";"/home/yan/ros2_ws/src/ros_tutorials/turtlesim/src/turtle.cpp:update:288"
"Oh no! I hit the wall! (Clamping from [x=11,120774, y=5,124156])";"30";"mickey";"1759419326.906585312";"/home/yan/ros2_ws/src/ros_tutorials/turtlesim/src/turtle.cpp:update:288"
"Oh no! I hit the wall! (Clamping from [x=11,120671, y=5,268421])";"30";"leo";"1759419326.896336662";"/home/yan/ros2_ws/src/ros_tutorials/turtlesim/src/turtle.cpp:update:288"
"Oh no! I hit the wall! (Clamping from [x=11,120882, y=4,253117])";"30";"raph";"1759419326.894240063";"/home/yan/ros2_ws/src/ros_tutorials/turtlesim/src/turtle.cpp:update:288"
"Oh no! I hit the wall! (Clamping from [x=11,120774, y=5,121445])";"30";"mickey";"1759419326.891182546";"/home/yan/ros2_ws/src/ros_tutorials/turtlesim/src/turtle.cpp:update:288"
"Oh no! I hit the wall! (Clamping from [x=11,120671, y=5,264691])";"30";"leo";"1759419326.879356069";"/home/yan/ros2_ws/src/ros_tutorials/turtlesim/src/turtle.cpp:update:288"
"Oh no! I hit the wall! (Clamping from [x=11,120882, y=4,252451])";"30";"raph";"1759419326.878609659";"/home/yan/ros2_ws/src/ros_tutorials/turtlesim/src/turtle.cpp:update:288"
"Oh no! I hit the wall! (Clamping from [x=11,120774, y=5,118734])";"30";"mickey";"1759419326.875085897";"/home/yan/ros2_ws/src/ros_tutorials/turtlesim/src/turtle.cpp:update:288"
"Oh no! I hit the wall! (Clamping from [x=11,120671, y=5,260962])";"30";"leo";"1759419326.863924036";"/home/yan/ros2_ws/src/ros_tutorials/turtlesim/src/turtle.cpp:update:288"
"Oh no! I hit the wall! (Clamping from [x=11,120882, y=4,251785])";"30";"raph";"1759419326.862419062";"/home/yan/ros2_ws/src/ros_tutorials/turtlesim/src/turtle.cpp:update:288"
"Oh no! I hit the wall! (Clamping from [x=11,120774, y=5,116023])";"30";"mickey";"1759419326.858630152";"/home/yan/ros2_ws/src/ros_tutorials/turtlesim/src/turtle.cpp:update:288"
"Oh no! I hit the wall! (Clamping from [x=11,120671, y=5,257232])";"30";"leo";"1759419326.847042140";"/home/yan/ros2_ws/src/ros_tutorials/turtlesim/src/turtle.cpp:update:288"
"Oh no! I hit the wall! (Clamping from [x=11,120882, y=4,251119])";"30";"raph";"1759419326.846467420";"/home/yan/ros2_ws/src/ros_tutorials/turtlesim/src/turtle.cpp:update:288"
"Oh no! I hit the wall! (Clamping from [x=11,120774, y=5,113312])";"30";"mickey";"1759419326.843231228";"/home/yan/ros2_ws/src/ros_tutorials/turtlesim/src/turtle.cpp:update:288"
"Oh no! I hit the wall! (Clamping from [x=11,120671, y=5,253502])";"30";"leo";"1759419326.831918353";"/home/yan/ros2_ws/src/ros_tutorials/turtlesim/src/turtle.cpp:update:288"
"Oh no! I hit the wall! (Clamping from [x=11,120882, y=4,250453])";"30";"raph";"1759419326.830304903";"/home/yan/ros2_ws/src/ros_tutorials/turtlesim/src/turtle.cpp:update:288"
"Oh no! I hit the wall! (Clamping from [x=11,120774, y=5,110601])";"30";"mickey";"1759419326.826943541";"/home/yan/ros2_ws/src/ros_tutorials/turtlesim/src/turtle.cpp:update:288"
"Oh no! I hit the wall! (Clamping from [x=11,120671, y=5,249773])";"30";"leo";"1759419326.816099984";"/home/yan/ros2_ws/src/ros_tutorials/turtlesim/src/turtle.cpp:update:288"
"Oh no! I hit the wall! (Clamping from [x=11,120882, y=4,249787])";"30";"raph";"1759419326.814711169";"/home/yan/ros2_ws/src/ros_tutorials/turtlesim/src/turtle.cpp:update:288"
"Oh no! I hit the wall! (Clamping from [x=11,120774, y=5,107891])";"30";"mickey";"1759419326.810732897";"/home/yan/ros2_ws/src/ros_tutorials/turtlesim/src/turtle.cpp:update:288"
"Oh no! I hit the wall! (Clamping from [x=11,120671, y=5,246043])";"30";"leo";"1759419326.799774997";"/home/yan/ros2_ws/src/ros_tutorials/turtlesim/src/turtle.cpp:update:288"
"Oh no! I hit the wall! (Clamping from [x=11,120882, y=4,249121])";"30";"raph";"1759419326.798544530";"/home/yan/ros2_ws/src/ros_tutorials/turtlesim/src/turtle.cpp:update:288"
"Oh no! I hit the wall! (Clamping from [x=11,120774, y=5,105180])";"30";"mickey";"1759419326.794590497";"/home/yan/ros2_ws/src/ros_tutorials/turtlesim/src/turtle.cpp:update:288"
"Oh no! I hit the wall! (Clamping from [x=11,120671, y=5,242314])";"30";"leo";"1759419326.784403733";"/home/yan/ros2_ws/src/ros_tutorials/turtlesim/src/turtle.cpp:update:288"
"Oh no! I hit the wall! (Clamping from [x=11,120882, y=4,248455])";"30";"raph";"1759419326.782731260";"/home/yan/ros2_ws/src/ros_tutorials/turtlesim/src/turtle.cpp:update:288"
"Oh no! I hit the wall! (Clamping from [x=11,120882, y=4,247789])";"30";"raph";"1759419326.766105711";"/home/yan/ros2_ws/src/ros_tutorials/turtlesim/src/turtle.cpp:update:288"
"Oh no! I hit the wall! (Clamping from [x=11,120882, y=4,247123])";"30";"raph";"1759419326.750125850";"/home/yan/ros2_ws/src/ros_tutorials/turtlesim/src/turtle.cpp:update:288"
"Oh no! I hit the wall! (Clamping from [x=11,120882, y=4,246457])";"30";"raph";"1759419326.734438728";"/home/yan/ros2_ws/src/ros_tutorials/turtlesim/src/turtle.cpp:update:288"
"Oh no! I hit the wall! (Clamping from [x=11,120882, y=4,243793])";"30";"raph";"1759419326.670672044";"/home/yan/ros2_ws/src/ros_tutorials/turtlesim/src/turtle.cpp:update:288"
"Oh no! I hit the wall! (Clamping from [x=11,120774, y=5,083493])";"30";"mickey";"1759419326.666750630";"/home/yan/ros2_ws/src/ros_tutorials/turtlesim/src/turtle.cpp:update:288"
"Oh no! I hit the wall! (Clamping from [x=11,120671, y=5,212477])";"30";"leo";"1759419326.655110301";"/home/yan/ros2_ws/src/ros_tutorials/turtlesim/src/turtle.cpp:update:288"
"Oh no! I hit the wall! (Clamping from [x=11,120882, y=4,243127])";"30";"raph";"1759419326.654089871";"/home/yan/ros2_ws/src/ros_tutorials/turtlesim/src/turtle.cpp:update:288"
"Oh no! I hit the wall! (Clamping from [x=11,120774, y=5,080782])";"30";"mickey";"1759419326.651195942";"/home/yan/ros2_ws/src/ros_tutorials/turtlesim/src/turtle.cpp:update:288"
"Oh no! I hit the wall! (Clamping from [x=11,120671, y=5,208748])";"30";"leo";"1759419326.639977852";"/home/yan/ros2_ws/src/ros_tutorials/turtlesim/src/turtle.cpp:update:288"
"Oh no! I hit the wall! (Clamping from [x=11,120882, y=4,242461])";"30";"raph";"1759419326.637884187";"/home/yan/ros2_ws/src/ros_tutorials/turtlesim/src/turtle.cpp:update:288"
"Oh no! I hit the wall! (Clamping from [x=11,120774, y=5,078072])";"30";"mickey";"1759419326.635106906";"/home/yan/ros2_ws/src/ros_tutorials/turtlesim/src/turtle.cpp:update:288"
"Oh no! I hit the wall! (Clamping from [x=11,120671, y=5,205018])";"30";"leo";"1759419326.623196190";"/home/yan/ros2_ws/src/ros_tutorials/turtlesim/src/turtle.cpp:update:288"
"Oh no! I hit the wall! (Clamping from [x=11,120882, y=4,241795])";"30";"raph";"1759419326.622191197";"/home/yan/ros2_ws/src/ros_tutorials/turtlesim/src/turtle.cpp:update:288"
"Oh no! I hit the wall! (Clamping from [x=11,120774, y=5,075361])";"30";"mickey";"1759419326.619180969";"/home/yan/ros2_ws/src/ros_tutorials/turtlesim/src/turtle.cpp:update:288"
"Oh no! I hit the wall! (Clamping from [x=11,120671, y=5,201288])";"30";"leo";"1759419326.607505156";"/home/yan/ros2_ws/src/ros_tutorials/turtlesim/src/turtle.cpp:update:288"
"Oh no! I hit the wall! (Clamping from [x=11,120882, y=4,241129])";"30";"raph";"1759419326.606120462";"/home/yan/ros2_ws/src/ros_tutorials/turtlesim/src/turtle.cpp:update:288"
"Oh no! I hit the wall! (Clamping from [x=11,120774, y=5,072650])";"30";"mickey";"1759419326.602925482";"/home/yan/ros2_ws/src/ros_tutorials/turtlesim/src/turtle.cpp:update:288"
"Oh no! I hit the wall! (Clamping from [x=11,120671, y=5,197559])";"30";"leo";"1759419326.591701385";"/home/yan/ros2_ws/src/ros_tutorials/turtlesim/src/turtle.cpp:update:288"
"Oh no! I hit the wall! (Clamping from [x=11,120882, y=4,240463])";"30";"raph";"1759419326.590028213";"/home/yan/ros2_ws/src/ros_tutorials/turtlesim/src/turtle.cpp:update:288"
"Oh no! I hit the wall! (Clamping from [x=11,120774, y=5,069939])";"30";"mickey";"1759419326.587091187";"/home/yan/ros2_ws/src/ros_tutorials/turtlesim/src/turtle.cpp:update:288"
"Oh no! I hit the wall! (Clamping from [x=11,120671, y=5,193829])";"30";"leo";"1759419326.575115581";"/home/yan/ros2_ws/src/ros_tutorials/turtlesim/src/turtle.cpp:update:288"
"Oh no! I hit the wall! (Clamping from [x=11,120882, y=4,239797])";"30";"raph";"1759419326.573837617";"/home/yan/ros2_ws/src/ros_tutorials/turtlesim/src/turtle.cpp:update:288"
"Oh no! I hit the wall! (Clamping from [x=11,120774, y=5,067228])";"30";"mickey";"1759419326.571347067";"/home/yan/ros2_ws/src/ros_tutorials/turtlesim/src/turtle.cpp:update:288"
"Oh no! I hit the wall! (Clamping from [x=11,120671, y=5,190100])";"30";"leo";"1759419326.559912375";"/home/yan/ros2_ws/src/ros_tutorials/turtlesim/src/turtle.cpp:update:288"
"Oh no! I hit the wall! (Clamping from [x=11,120882, y=4,239131])";"30";"raph";"1759419326.558272870";"/home/yan/ros2_ws/src/ros_tutorials/turtlesim/src/turtle.cpp:update:288"
"Oh no! I hit the wall! (Clamping from [x=11,120774, y=5,064518])";"30";"mickey";"1759419326.554906899";"/home/yan/ros2_ws/src/ros_tutorials/turtlesim/src/turtle.cpp:update:288"
"Oh no! I hit the wall! (Clamping from [x=11,120671, y=5,186370])";"30";"leo";"1759419326.544097638";"/home/yan/ros2_ws/src/ros_tutorials/turtlesim/src/turtle.cpp:update:288"
"Oh no! I hit the wall! (Clamping from [x=11,120882, y=4,238465])";"30";"raph";"1759419326.542250261";"/home/yan/ros2_ws/src/ros_tutorials/turtlesim/src/turtle.cpp:update:288"
"Oh no! I hit the wall! (Clamping from [x=11,120774, y=5,061807])";"30";"mickey";"1759419326.539429464";"/home/yan/ros2_ws/src/ros_tutorials/turtlesim/src/turtle.cpp:update:288"
"Oh no! I hit the wall! (Clamping from [x=11,120671, y=5,182641])";"30";"leo";"1759419326.528063294";"/home/yan/ros2_ws/src/ros_tutorials/turtlesim/src/turtle.cpp:update:288"
"Oh no! I hit the wall! (Clamping from [x=11,120882, y=4,237799])";"30";"raph";"1759419326.526271448";"/home/yan/ros2_ws/src/ros_tutorials/turtlesim/src/turtle.cpp:update:288"
"Oh no! I hit the wall! (Clamping from [x=11,120774, y=5,059096])";"30";"mickey";"1759419326.523040146";"/home/yan/ros2_ws/src/ros_tutorials/turtlesim/src/turtle.cpp:update:288"
"Oh no! I hit the wall! (Clamping from [x=11,120671, y=5,178911])";"30";"leo";"1759419326.511932768";"/home/yan/ros2_ws/src/ros_tutorials/turtlesim/src/turtle.cpp:update:288"
"Oh no! I hit the wall! (Clamping from [x=11,120882, y=4,237133])";"30";"raph";"1759419326.510320714";"/home/yan/ros2_ws/src/ros_tutorials/turtlesim/src/turtle.cpp:update:288"
"Oh no! I hit the wall! (Clamping from [x=11,120774, y=5,056385])";"30";"mickey";"1759419326.507408624";"/home/yan/ros2_ws/src/ros_tutorials/turtlesim/src/turtle.cpp:update:288"
"Oh no! I hit the wall! (Clamping from [x=11,120671, y=5,175181])";"30";"leo";"1759419326.495373855";"/home/yan/ros2_ws/src/ros_tutorials/turtlesim/src/turtle.cpp:update:288"
"Oh no! I hit the wall! (Clamping from [x=11,120882, y=4,236467])";"30";"raph";"1759419326.494210654";"/home/yan/ros2_ws/src/ros_tutorials/turtlesim/src/turtle.cpp:update:288"
"Oh no! I hit the wall! (Clamping from [x=11,120774, y=5,053674])";"30";"mickey";"1759419326.490431104";"/home/yan/ros2_ws/src/ros_tutorials/turtlesim/src/turtle.cpp:update:288"
"Oh no! I hit the wall! (Clamping from [x=11,120671, y=5,171452])";"30";"leo";"1759419326.479538163";"/home/yan/ros2_ws/src/ros_tutorials/turtlesim/src/turtle.cpp:update:288"
"Oh no! I hit the wall! (Clamping from [x=11,120882, y=4,235801])";"30";"raph";"1759419326.478165763";"/home/yan/ros2_ws/src/ros_tutorials/turtlesim/src/turtle.cpp:update:288"
"Oh no! I hit the wall! (Clamping from [x=11,120774, y=5,050963])";"30";"mickey";"1759419326.474861119";"/home/yan/ros2_ws/src/ros_tutorials/turtlesim/src/turtle.cpp:update:288"
"Oh no! I hit the wall! (Clamping from [x=11,120671, y=5,167722])";"30";"leo";"1759419326.463831832";"/home/yan/ros2_ws/src/ros_tutorials/turtlesim/src/turtle.cpp:update:288"
"Oh no! I hit the wall! (Clamping from [x=11,120882, y=4,235135])";"30";"raph";"1759419326.462819645";"/home/yan/ros2_ws/src/ros_tutorials/turtlesim/src/turtle.cpp:update:288"
"Oh no! I hit the wall! (Clamping from [x=11,120774, y=5,048253])";"30";"mickey";"1759419326.459182518";"/home/yan/ros2_ws/src/ros_tutorials/turtlesim/src/turtle.cpp:update:288"
"Oh no! I hit the wall! (Clamping from [x=11,120671, y=5,163993])";"30";"leo";"1759419326.447573272";"/home/yan/ros2_ws/src/ros_tutorials/turtlesim/src/turtle.cpp:update:288"
"Oh no! I hit the wall! (Clamping from [x=11,120882, y=4,234469])";"30";"raph";"1759419326.446555916";"/home/yan/ros2_ws/src/ros_tutorials/turtlesim/src/turtle.cpp:update:288"
"Oh no! I hit the wall! (Clamping from [x=11,120774, y=5,045542])";"30";"mickey";"1759419326.443111224";"/home/yan/ros2_ws/src/ros_tutorials/turtlesim/src/turtle.cpp:update:288"
"Oh no! I hit the wall! (Clamping from [x=11,120671, y=5,160263])";"30";"leo";"1759419326.431388892";"/home/yan/ros2_ws/src/ros_tutorials/turtlesim/src/turtle.cpp:update:288"
"Oh no! I hit the wall! (Clamping from [x=11,120882, y=4,233802])";"30";"raph";"1759419326.430045968";"/home/yan/ros2_ws/src/ros_tutorials/turtlesim/src/turtle.cpp:update:288"
"Oh no! I hit the wall! (Clamping from [x=11,120774, y=5,042831])";"30";"mickey";"1759419326.427265055";"/home/yan/ros2_ws/src/ros_tutorials/turtlesim/src/turtle.cpp:update:288"
"Oh no! I hit the wall! (Clamping from [x=11,120671, y=5,156534])";"30";"leo";"1759419326.415904961";"/home/yan/ros2_ws/src/ros_tutorials/turtlesim/src/turtle.cpp:update:288"
"Oh no! I hit the wall! (Clamping from [x=11,120882, y=4,233136])";"30";"raph";"1759419326.413735649";"/home/yan/ros2_ws/src/ros_tutorials/turtlesim/src/turtle.cpp:update:288"
"Oh no! I hit the wall! (Clamping from [x=11,120774, y=5,040120])";"30";"mickey";"1759419326.411468967";"/home/yan/ros2_ws/src/ros_tutorials/turtlesim/src/turtle.cpp:update:288"
"Oh no! I hit the wall! (Clamping from [x=11,120671, y=5,152804])";"30";"leo";"1759419326.399586401";"/home/yan/ros2_ws/src/ros_tutorials/turtlesim/src/turtle.cpp:update:288"
"Oh no! I hit the wall! (Clamping from [x=11,120882, y=4,232470])";"30";"raph";"1759419326.398446459";"/home/yan/ros2_ws/src/ros_tutorials/turtlesim/src/turtle.cpp:update:288"
"Oh no! I hit the wall! (Clamping from [x=11,120774, y=5,037409])";"30";"mickey";"1759419326.395293807";"/home/yan/ros2_ws/src/ros_tutorials/turtlesim/src/turtle.cpp:update:288"
"Oh no! I hit the wall! (Clamping from [x=11,120671, y=5,149074])";"30";"leo";"1759419326.383364302";"/home/yan/ros2_ws/src/ros_tutorials/turtlesim/src/turtle.cpp:update:288"
"Oh no! I hit the wall! (Clamping from [x=11,120882, y=4,231804])";"30";"raph";"1759419326.382303010";"/home/yan/ros2_ws/src/ros_tutorials/turtlesim/src/turtle.cpp:update:288"
"Oh no! I hit the wall! (Clamping from [x=11,120774, y=5,034699])";"30";"mickey";"1759419326.379215668";"/home/yan/ros2_ws/src/ros_tutorials/turtlesim/src/turtle.cpp:update:288"
"Oh no! I hit the wall! (Clamping from [x=11,120671, y=5,145345])";"30";"leo";"1759419326.367896995";"/home/yan/ros2_ws/src/ros_tutorials/turtlesim/src/turtle.cpp:update:288"
"Oh no! I hit the wall! (Clamping from [x=11,120882, y=4,231138])";"30";"raph";"1759419326.366587040";"/home/yan/ros2_ws/src/ros_tutorials/turtlesim/src/turtle.cpp:update:288"
"Oh no! I hit the wall! (Clamping from [x=11,120774, y=5,031988])";"30";"mickey";"1759419326.362568606";"/home/yan/ros2_ws/src/ros_tutorials/turtlesim/src/turtle.cpp:update:288"
"Oh no! I hit the wall! (Clamping from [x=11,120671, y=5,141615])";"30";"leo";"1759419326.351504883";"/home/yan/ros2_ws/src/ros_tutorials/turtlesim/src/turtle.cpp:update:288"
"Oh no! I hit the wall! (Clamping from [x=11,120882, y=4,230472])";"30";"raph";"1759419326.350211482";"/home/yan/ros2_ws/src/ros_tutorials/turtlesim/src/turtle.cpp:update:288"
"Oh no! I hit the wall! (Clamping from [x=11,120774, y=5,029277])";"30";"mickey";"1759419326.347253641";"/home/yan/ros2_ws/src/ros_tutorials/turtlesim/src/turtle.cpp:update:288"
"Oh no! I hit the wall! (Clamping from [x=11,120671, y=5,137886])";"30";"leo";"1759419326.335588236";"/home/yan/ros2_ws/src/ros_tutorials/turtlesim/src/turtle.cpp:update:288"
"Oh no! I hit the wall! (Clamping from [x=11,120882, y=4,229806])";"30";"raph";"1759419326.334510949";"/home/yan/ros2_ws/src/ros_tutorials/turtlesim/src/turtle.cpp:update:288"
"Oh no! I hit the wall! (Clamping from [x=11,120774, y=5,026566])";"30";"mickey";"1759419326.330726999";"/home/yan/ros2_ws/src/ros_tutorials/turtlesim/src/turtle.cpp:update:288"
"Oh no! I hit the wall! (Clamping from [x=11,120671, y=5,134156])";"30";"leo";"1759419326.319834477";"/home/yan/ros2_ws/src/ros_tutorials/turtlesim/src/turtle.cpp:update:288"
"Oh no! I hit the wall! (Clamping from [x=11,120882, y=4,229140])";"30";"raph";"1759419326.317893433";"/home/yan/ros2_ws/src/ros_tutorials/turtlesim/src/turtle.cpp:update:288"
"Oh no! I hit the wall! (Clamping from [x=11,120774, y=5,023855])";"30";"mickey";"1759419326.314910864";"/home/yan/ros2_ws/src/ros_tutorials/turtlesim/src/turtle.cpp:update:288"
"Oh no! I hit the wall! (Clamping from [x=11,120671, y=5,130426])";"30";"leo";"1759419326.303420502";"/home/yan/ros2_ws/src/ros_tutorials/turtlesim/src/turtle.cpp:update:288"
"Oh no! I hit the wall! (Clamping from [x=11,120882, y=4,228474])";"30";"raph";"1759419326.302274134";"/home/yan/ros2_ws/src/ros_tutorials/turtlesim/src/turtle.cpp:update:288"
"Oh no! I hit the wall! (Clamping from [x=11,120774, y=5,021144])";"30";"mickey";"1759419326.299227514";"/home/yan/ros2_ws/src/ros_tutorials/turtlesim/src/turtle.cpp:update:288"
"Oh no! I hit the wall! (Clamping from [x=11,120671, y=5,126697])";"30";"leo";"1759419326.287671214";"/home/yan/ros2_ws/src/ros_tutorials/turtlesim/src/turtle.cpp:update:288"
"Oh no! I hit the wall! (Clamping from [x=11,120882, y=4,227808])";"30";"raph";"1759419326.285723604";"/home/yan/ros2_ws/src/ros_tutorials/turtlesim/src/turtle.cpp:update:288"
"Oh no! I hit the wall! (Clamping from [x=11,120774, y=5,018434])";"30";"mickey";"1759419326.282584782";"/home/yan/ros2_ws/src/ros_tutorials/turtlesim/src/turtle.cpp:update:288"
"Oh no! I hit the wall! (Clamping from [x=11,120671, y=5,122967])";"30";"leo";"1759419326.272052683";"/home/yan/ros2_ws/src/ros_tutorials/turtlesim/src/turtle.cpp:update:288"
"Oh no! I hit the wall! (Clamping from [x=11,120882, y=4,227142])";"30";"raph";"1759419326.269868633";"/home/yan/ros2_ws/src/ros_tutorials/turtlesim/src/turtle.cpp:update:288"
"Oh no! I hit the wall! (Clamping from [x=11,120774, y=5,015723])";"30";"mickey";"1759419326.266814050";"/home/yan/ros2_ws/src/ros_tutorials/turtlesim/src/turtle.cpp:update:288"
"Oh no! I hit the wall! (Clamping from [x=11,120671, y=5,119238])";"30";"leo";"1759419326.254965779";"/home/yan/ros2_ws/src/ros_tutorials/turtlesim/src/turtle.cpp:update:288"
"Oh no! I hit the wall! (Clamping from [x=11,120882, y=4,226476])";"30";"raph";"1759419326.253918248";"/home/yan/ros2_ws/src/ros_tutorials/turtlesim/src/turtle.cpp:update:288"
"Oh no! I hit the wall! (Clamping from [x=11,120774, y=5,013012])";"30";"mickey";"1759419326.251107579";"/home/yan/ros2_ws/src/ros_tutorials/turtlesim/src/turtle.cpp:update:288"
"Oh no! I hit the wall! (Clamping from [x=11,120671, y=5,115508])";"30";"leo";"1759419326.239757894";"/home/yan/ros2_ws/src/ros_tutorials/turtlesim/src/turtle.cpp:update:288"
"Oh no! I hit the wall! (Clamping from [x=11,120882, y=4,225810])";"30";"raph";"1759419326.237702925";"/home/yan/ros2_ws/src/ros_tutorials/turtlesim/src/turtle.cpp:update:288"
"Oh no! I hit the wall! (Clamping from [x=11,120774, y=5,010301])";"30";"mickey";"1759419326.234660007";"/home/yan/ros2_ws/src/ros_tutorials/turtlesim/src/turtle.cpp:update:288"
"Oh no! I hit the wall! (Clamping from [x=11,120671, y=5,111779])";"30";"leo";"1759419326.223756938";"/home/yan/ros2_ws/src/ros_tutorials/turtlesim/src/turtle.cpp:update:288"
"Oh no! I hit the wall! (Clamping from [x=11,120882, y=4,225144])";"30";"raph";"1759419326.221749467";"/home/yan/ros2_ws/src/ros_tutorials/turtlesim/src/turtle.cpp:update:288"
"Oh no! I hit the wall! (Clamping from [x=11,120774, y=5,007590])";"30";"mickey";"1759419326.218821451";"/home/yan/ros2_ws/src/ros_tutorials/turtlesim/src/turtle.cpp:update:288"
"Oh no! I hit the wall! (Clamping from [x=11,120882, y=4,224478])";"30";"raph";"1759419326.206080785";"/home/yan/ros2_ws/src/ros_tutorials/turtlesim/src/turtle.cpp:update:288"
"Oh no! I hit the wall! (Clamping from [x=11,120774, y=5,004880])";"30";"mickey";"1759419326.203204806";"/home/yan/ros2_ws/src/ros_tutorials/turtlesim/src/turtle.cpp:update:288"
"Oh no! I hit the wall! (Clamping from [x=11,120671, y=5,104319])";"30";"leo";"1759419326.191284451";"/home/yan/ros2_ws/src/ros_tutorials/turtlesim/src/turtle.cpp:update:288"
"Oh no! I hit the wall! (Clamping from [x=11,120882, y=4,223812])";"30";"raph";"1759419326.190205558";"/home/yan/ros2_ws/src/ros_tutorials/turtlesim/src/turtle.cpp:update:288"
"Oh no! I hit the wall! (Clamping from [x=11,120774, y=5,002169])";"30";"mickey";"1759419326.187340057";"/home/yan/ros2_ws/src/ros_tutorials/turtlesim/src/turtle.cpp:update:288"
"Oh no! I hit the wall! (Clamping from [x=11,120671, y=5,100590])";"30";"leo";"1759419326.175693093";"/home/yan/ros2_ws/src/ros_tutorials/turtlesim/src/turtle.cpp:update:288"
"Oh no! I hit the wall! (Clamping from [x=11,120882, y=4,223146])";"30";"raph";"1759419326.174546096";"/home/yan/ros2_ws/src/ros_tutorials/turtlesim/src/turtle.cpp:update:288"
"Oh no! I hit the wall! (Clamping from [x=11,120774, y=4,999458])";"30";"mickey";"1759419326.170606731";"/home/yan/ros2_ws/src/ros_tutorials/turtlesim/src/turtle.cpp:update:288"
"Oh no! I hit the wall! (Clamping from [x=11,120671, y=5,096860])";"30";"leo";"1759419326.159706805";"/home/yan/ros2_ws/src/ros_tutorials/turtlesim/src/turtle.cpp:update:288"
"Oh no! I hit the wall! (Clamping from [x=11,120882, y=4,222480])";"30";"raph";"1759419326.158674920";"/home/yan/ros2_ws/src/ros_tutorials/turtlesim/src/turtle.cpp:update:288"
"Oh no! I hit the wall! (Clamping from [x=11,120774, y=4,996747])";"30";"mickey";"1759419326.154656975";"/home/yan/ros2_ws/src/ros_tutorials/turtlesim/src/turtle.cpp:update:288"
"Oh no! I hit the wall! (Clamping from [x=11,120671, y=5,093131])";"30";"leo";"1759419326.143505382";"/home/yan/ros2_ws/src/ros_tutorials/turtlesim/src/turtle.cpp:update:288"
"Oh no! I hit the wall! (Clamping from [x=11,120882, y=4,221814])";"30";"raph";"1759419326.142025064";"/home/yan/ros2_ws/src/ros_tutorials/turtlesim/src/turtle.cpp:update:288"
"Oh no! I hit the wall! (Clamping from [x=11,120774, y=4,994036])";"30";"mickey";"1759419326.138597485";"/home/yan/ros2_ws/src/ros_tutorials/turtlesim/src/turtle.cpp:update:288"
"Oh no! I hit the wall! (Clamping from [x=11,120671, y=5,089401])";"30";"leo";"1759419326.128161010";"/home/yan/ros2_ws/src/ros_tutorials/turtlesim/src/turtle.cpp:update:288"
"Oh no! I hit the wall! (Clamping from [x=11,120882, y=4,221148])";"30";"raph";"1759419326.126549795";"/home/yan/ros2_ws/src/ros_tutorials/turtlesim/src/turtle.cpp:update:288"
"Oh no! I hit the wall! (Clamping from [x=11,120774, y=4,991325])";"30";"mickey";"1759419326.123378982";"/home/yan/ros2_ws/src/ros_tutorials/turtlesim/src/turtle.cpp:update:288"
"Oh no! I hit the wall! (Clamping from [x=11,120671, y=5,085672])";"30";"leo";"1759419326.111521142";"/home/yan/ros2_ws/src/ros_tutorials/turtlesim/src/turtle.cpp:update:288"
"Oh no! I hit the wall! (Clamping from [x=11,120882, y=4,220482])";"30";"raph";"1759419326.109676979";"/home/yan/ros2_ws/src/ros_tutorials/turtlesim/src/turtle.cpp:update:288"
"Oh no! I hit the wall! (Clamping from [x=11,120774, y=4,988615])";"30";"mickey";"1759419326.106921491";"/home/yan/ros2_ws/src/ros_tutorials/turtlesim/src/turtle.cpp:update:288"
"Oh no! I hit the wall! (Clamping from [x=11,120671, y=5,081942])";"30";"leo";"1759419326.096616543";"/home/yan/ros2_ws/src/ros_tutorials/turtlesim/src/turtle.cpp:update:288"
"Oh no! I hit the wall! (Clamping from [x=11,120882, y=4,219816])";"30";"raph";"1759419326.094528535";"/home/yan/ros2_ws/src/ros_tutorials/turtlesim/src/turtle.cpp:update:288"
"Oh no! I hit the wall! (Clamping from [x=11,120774, y=4,985904])";"30";"mickey";"1759419326.091247291";"/home/yan/ros2_ws/src/ros_tutorials/turtlesim/src/turtle.cpp:update:288"
"Oh no! I hit the wall! (Clamping from [x=11,120671, y=5,078212])";"30";"leo";"1759419326.079060949";"/home/yan/ros2_ws/src/ros_tutorials/turtlesim/src/turtle.cpp:update:288"
"Oh no! I hit the wall! (Clamping from [x=11,120882, y=4,219150])";"30";"raph";"1759419326.077918982";"/home/yan/ros2_ws/src/ros_tutorials/turtlesim/src/turtle.cpp:update:288"
"Oh no! I hit the wall! (Clamping from [x=11,120774, y=4,983193])";"30";"mickey";"1759419326.074924260";"/home/yan/ros2_ws/src/ros_tutorials/turtlesim/src/turtle.cpp:update:288"
"Oh no! I hit the wall! (Clamping from [x=11,120882, y=4,218484])";"30";"raph";"1759419326.062604366";"/home/yan/ros2_ws/src/ros_tutorials/turtlesim/src/turtle.cpp:update:288"
"Oh no! I hit the wall! (Clamping from [x=11,120774, y=4,980482])";"30";"mickey";"1759419326.059366428";"/home/yan/ros2_ws/src/ros_tutorials/turtlesim/src/turtle.cpp:update:288"
"Oh no! I hit the wall! (Clamping from [x=11,120671, y=5,070753])";"30";"leo";"1759419326.047531848";"/home/yan/ros2_ws/src/ros_tutorials/turtlesim/src/turtle.cpp:update:288"
"Oh no! I hit the wall! (Clamping from [x=11,120882, y=4,217818])";"30";"raph";"1759419326.046415655";"/home/yan/ros2_ws/src/ros_tutorials/turtlesim/src/turtle.cpp:update:288"
"Oh no! I hit the wall! (Clamping from [x=11,120671, y=5,063294])";"30";"leo";"1759419326.015515059";"/home/yan/ros2_ws/src/ros_tutorials/turtlesim/src/turtle.cpp:update:288"
"Oh no! I hit the wall! (Clamping from [x=11,120882, y=4,216486])";"30";"raph";"1759419326.014083985";"/home/yan/ros2_ws/src/ros_tutorials/turtlesim/src/turtle.cpp:update:288"
"Oh no! I hit the wall! (Clamping from [x=11,120774, y=4,972350])";"30";"mickey";"1759419326.011007609";"/home/yan/ros2_ws/src/ros_tutorials/turtlesim/src/turtle.cpp:update:288"
"Oh no! I hit the wall! (Clamping from [x=11,120671, y=5,059565])";"30";"leo";"1759419325.999472334";"/home/yan/ros2_ws/src/ros_tutorials/turtlesim/src/turtle.cpp:update:288"
"Oh no! I hit the wall! (Clamping from [x=11,120882, y=4,215820])";"30";"raph";"1759419325.997928732";"/home/yan/ros2_ws/src/ros_tutorials/turtlesim/src/turtle.cpp:update:288"
"Oh no! I hit the wall! (Clamping from [x=11,120774, y=4,969639])";"30";"mickey";"1759419325.994931006";"/home/yan/ros2_ws/src/ros_tutorials/turtlesim/src/turtle.cpp:update:288"
"Oh no! I hit the wall! (Clamping from [x=11,120671, y=5,055835])";"30";"leo";"1759419325.983882998";"/home/yan/ros2_ws/src/ros_tutorials/turtlesim/src/turtle.cpp:update:288"
"Oh no! I hit the wall! (Clamping from [x=11,120882, y=4,215154])";"30";"raph";"1759419325.981644325";"/home/yan/ros2_ws/src/ros_tutorials/turtlesim/src/turtle.cpp:update:288"
"Oh no! I hit the wall! (Clamping from [x=11,120774, y=4,966928])";"30";"mickey";"1759419325.978732164";"/home/yan/ros2_ws/src/ros_tutorials/turtlesim/src/turtle.cpp:update:288"
"Oh no! I hit the wall! (Clamping from [x=11,120671, y=5,052105])";"30";"leo";"1759419325.967473700";"/home/yan/ros2_ws/src/ros_tutorials/turtlesim/src/turtle.cpp:update:288"
"Oh no! I hit the wall! (Clamping from [x=11,120882, y=4,214488])";"30";"raph";"1759419325.966285143";"/home/yan/ros2_ws/src/ros_tutorials/turtlesim/src/turtle.cpp:update:288"
"Oh no! I hit the wall! (Clamping from [x=11,120774, y=4,964217])";"30";"mickey";"1759419325.962418351";"/home/yan/ros2_ws/src/ros_tutorials/turtlesim/src/turtle.cpp:update:288"
"Oh no! I hit the wall! (Clamping from [x=11,120671, y=5,048376])";"30";"leo";"1759419325.951388853";"/home/yan/ros2_ws/src/ros_tutorials/turtlesim/src/turtle.cpp:update:288"
"Oh no! I hit the wall! (Clamping from [x=11,120882, y=4,213822])";"30";"raph";"1759419325.950254010";"/home/yan/ros2_ws/src/ros_tutorials/turtlesim/src/turtle.cpp:update:288"
"Oh no! I hit the wall! (Clamping from [x=11,120774, y=4,961506])";"30";"mickey";"1759419325.947331651";"/home/yan/ros2_ws/src/ros_tutorials/turtlesim/src/turtle.cpp:update:288"
"Oh no! I hit the wall! (Clamping from [x=11,120671, y=5,044646])";"30";"leo";"1759419325.935776327";"/home/yan/ros2_ws/src/ros_tutorials/turtlesim/src/turtle.cpp:update:288"
"Oh no! I hit the wall! (Clamping from [x=11,120882, y=4,213156])";"30";"raph";"1759419325.934400294";"/home/yan/ros2_ws/src/ros_tutorials/turtlesim/src/turtle.cpp:update:288"
"Oh no! I hit the wall! (Clamping from [x=11,120774, y=4,958796])";"30";"mickey";"1759419325.930700861";"/home/yan/ros2_ws/src/ros_tutorials/turtlesim/src/turtle.cpp:update:288"
"Oh no! I hit the wall! (Clamping from [x=11,120671, y=5,040917])";"30";"leo";"1759419325.919213571";"/home/yan/ros2_ws/src/ros_tutorials/turtlesim/src/turtle.cpp:update:288"
"Oh no! I hit the wall! (Clamping from [x=11,120882, y=4,212490])";"30";"raph";"1759419325.918132721";"/home/yan/ros2_ws/src/ros_tutorials/turtlesim/src/turtle.cpp:update:288"
"Oh no! I hit the wall! (Clamping from [x=11,120774, y=4,956085])";"30";"mickey";"1759419325.915241515";"/home/yan/ros2_ws/src/ros_tutorials/turtlesim/src/turtle.cpp:update:288"
"Oh no! I hit the wall! (Clamping from [x=11,120671, y=5,037187])";"30";"leo";"1759419325.903737391";"/home/yan/ros2_ws/src/ros_tutorials/turtlesim/src/turtle.cpp:update:288"
"Oh no! I hit the wall! (Clamping from [x=11,120882, y=4,211824])";"30";"raph";"1759419325.902671210";"/home/yan/ros2_ws/src/ros_tutorials/turtlesim/src/turtle.cpp:update:288"
"Oh no! I hit the wall! (Clamping from [x=11,120774, y=4,953374])";"30";"mickey";"1759419325.898455799";"/home/yan/ros2_ws/src/ros_tutorials/turtlesim/src/turtle.cpp:update:288"
"Oh no! I hit the wall! (Clamping from [x=11,120671, y=5,033458])";"30";"leo";"1759419325.887703813";"/home/yan/ros2_ws/src/ros_tutorials/turtlesim/src/turtle.cpp:update:288"
"Oh no! I hit the wall! (Clamping from [x=11,120774, y=4,950663])";"30";"mickey";"1759419325.882918641";"/home/yan/ros2_ws/src/ros_tutorials/turtlesim/src/turtle.cpp:update:288"
"Oh no! I hit the wall! (Clamping from [x=11,120671, y=5,029728])";"30";"leo";"1759419325.871216284";"/home/yan/ros2_ws/src/ros_tutorials/turtlesim/src/turtle.cpp:update:288"
"Oh no! I hit the wall! (Clamping from [x=11,120882, y=4,210492])";"30";"raph";"1759419325.870132082";"/home/yan/ros2_ws/src/ros_tutorials/turtlesim/src/turtle.cpp:update:288"
"Oh no! I hit the wall! (Clamping from [x=11,120774, y=4,947952])";"30";"mickey";"1759419325.867197989";"/home/yan/ros2_ws/src/ros_tutorials/turtlesim/src/turtle.cpp:update:288"
"Oh no! I hit the wall! (Clamping from [x=11,120671, y=5,025998])";"30";"leo";"1759419325.855091344";"/home/yan/ros2_ws/src/ros_tutorials/turtlesim/src/turtle.cpp:update:288"
"Oh no! I hit the wall! (Clamping from [x=11,120882, y=4,209826])";"30";"raph";"1759419325.854068679";"/home/yan/ros2_ws/src/ros_tutorials/turtlesim/src/turtle.cpp:update:288"
"Oh no! I hit the wall! (Clamping from [x=11,120774, y=4,945242])";"30";"mickey";"1759419325.850961778";"/home/yan/ros2_ws/src/ros_tutorials/turtlesim/src/turtle.cpp:update:288"
"Oh no! I hit the wall! (Clamping from [x=11,120671, y=5,022269])";"30";"leo";"1759419325.839322984";"/home/yan/ros2_ws/src/ros_tutorials/turtlesim/src/turtle.cpp:update:288"
"Oh no! I hit the wall! (Clamping from [x=11,120882, y=4,209160])";"30";"raph";"1759419325.838369819";"/home/yan/ros2_ws/src/ros_tutorials/turtlesim/src/turtle.cpp:update:288"
"Oh no! I hit the wall! (Clamping from [x=11,120774, y=4,942531])";"30";"mickey";"1759419325.835312022";"/home/yan/ros2_ws/src/ros_tutorials/turtlesim/src/turtle.cpp:update:288"
"Oh no! I hit the wall! (Clamping from [x=11,120671, y=5,018539])";"30";"leo";"1759419325.823237718";"/home/yan/ros2_ws/src/ros_tutorials/turtlesim/src/turtle.cpp:update:288"
"Oh no! I hit the wall! (Clamping from [x=11,120882, y=4,208494])";"30";"raph";"1759419325.821847296";"/home/yan/ros2_ws/src/ros_tutorials/turtlesim/src/turtle.cpp:update:288"
"Oh no! I hit the wall! (Clamping from [x=11,120774, y=4,939820])";"30";"mickey";"1759419325.818707566";"/home/yan/ros2_ws/src/ros_tutorials/turtlesim/src/turtle.cpp:update:288"
"Oh no! I hit the wall! (Clamping from [x=11,120671, y=5,014810])";"30";"leo";"1759419325.807374991";"/home/yan/ros2_ws/src/ros_tutorials/turtlesim/src/turtle.cpp:update:288"
"Oh no! I hit the wall! (Clamping from [x=11,120882, y=4,207828])";"30";"raph";"1759419325.806122732";"/home/yan/ros2_ws/src/ros_tutorials/turtlesim/src/turtle.cpp:update:288"
"Oh no! I hit the wall! (Clamping from [x=11,120774, y=4,937109])";"30";"mickey";"1759419325.803148056";"/home/yan/ros2_ws/src/ros_tutorials/turtlesim/src/turtle.cpp:update:288"
"Oh no! I hit the wall! (Clamping from [x=11,120671, y=5,011080])";"30";"leo";"1759419325.791212053";"/home/yan/ros2_ws/src/ros_tutorials/turtlesim/src/turtle.cpp:update:288"
"Oh no! I hit the wall! (Clamping from [x=11,120882, y=4,207162])";"30";"raph";"1759419325.790034252";"/home/yan/ros2_ws/src/ros_tutorials/turtlesim/src/turtle.cpp:update:288"
"Oh no! I hit the wall! (Clamping from [x=11,120774, y=4,934398])";"30";"mickey";"1759419325.787012707";"/home/yan/ros2_ws/src/ros_tutorials/turtlesim/src/turtle.cpp:update:288"
"Oh no! I hit the wall! (Clamping from [x=11,120671, y=5,007351])";"30";"leo";"1759419325.775462203";"/home/yan/ros2_ws/src/ros_tutorials/turtlesim/src/turtle.cpp:update:288"
"Oh no! I hit the wall! (Clamping from [x=11,120882, y=4,206496])";"30";"raph";"1759419325.774503450";"/home/yan/ros2_ws/src/ros_tutorials/turtlesim/src/turtle.cpp:update:288"
"Oh no! I hit the wall! (Clamping from [x=11,120774, y=4,931687])";"30";"mickey";"1759419325.770925346";"/home/yan/ros2_ws/src/ros_tutorials/turtlesim/src/turtle.cpp:update:288"
"Oh no! I hit the wall! (Clamping from [x=11,120671, y=5,003621])";"30";"leo";"1759419325.759942926";"/home/yan/ros2_ws/src/ros_tutorials/turtlesim/src/turtle.cpp:update:288"
"Oh no! I hit the wall! (Clamping from [x=11,120882, y=4,205830])";"30";"raph";"1759419325.758136412";"/home/yan/ros2_ws/src/ros_tutorials/turtlesim/src/turtle.cpp:update:288"
"Oh no! I hit the wall! (Clamping from [x=11,120774, y=4,928977])";"30";"mickey";"1759419325.755301923";"/home/yan/ros2_ws/src/ros_tutorials/turtlesim/src/turtle.cpp:update:288"
"Oh no! I hit the wall! (Clamping from [x=11,120671, y=4,999891])";"30";"leo";"1759419325.743850675";"/home/yan/ros2_ws/src/ros_tutorials/turtlesim/src/turtle.cpp:update:288"
"Oh no! I hit the wall! (Clamping from [x=11,120882, y=4,205164])";"30";"raph";"1759419325.742181624";"/home/yan/ros2_ws/src/ros_tutorials/turtlesim/src/turtle.cpp:update:288"
"Oh no! I hit the wall! (Clamping from [x=11,120774, y=4,926266])";"30";"mickey";"1759419325.739332677";"/home/yan/ros2_ws/src/ros_tutorials/turtlesim/src/turtle.cpp:update:288"
"Oh no! I hit the wall! (Clamping from [x=11,120671, y=4,996162])";"30";"leo";"1759419325.728315822";"/home/yan/ros2_ws/src/ros_tutorials/turtlesim/src/turtle.cpp:update:288"
"Oh no! I hit the wall! (Clamping from [x=11,120882, y=4,204498])";"30";"raph";"1759419325.726600600";"/home/yan/ros2_ws/src/ros_tutorials/turtlesim/src/turtle.cpp:update:288"
"Oh no! I hit the wall! (Clamping from [x=11,120774, y=4,923555])";"30";"mickey";"1759419325.722970458";"/home/yan/ros2_ws/src/ros_tutorials/turtlesim/src/turtle.cpp:update:288"
"Oh no! I hit the wall! (Clamping from [x=11,120671, y=4,992432])";"30";"leo";"1759419325.711806640";"/home/yan/ros2_ws/src/ros_tutorials/turtlesim/src/turtle.cpp:update:288"
"Oh no! I hit the wall! (Clamping from [x=11,120882, y=4,203831])";"30";"raph";"1759419325.709731764";"/home/yan/ros2_ws/src/ros_tutorials/turtlesim/src/turtle.cpp:update:288"
"Oh no! I hit the wall! (Clamping from [x=11,120774, y=4,920844])";"30";"mickey";"1759419325.706821978";"/home/yan/ros2_ws/src/ros_tutorials/turtlesim/src/turtle.cpp:update:288"
"Oh no! I hit the wall! (Clamping from [x=11,120671, y=4,988703])";"30";"leo";"1759419325.695985404";"/home/yan/ros2_ws/src/ros_tutorials/turtlesim/src/turtle.cpp:update:288"
"Oh no! I hit the wall! (Clamping from [x=11,120882, y=4,203165])";"30";"raph";"1759419325.694202778";"/home/yan/ros2_ws/src/ros_tutorials/turtlesim/src/turtle.cpp:update:288"
"Oh no! I hit the wall! (Clamping from [x=11,120774, y=4,918133])";"30";"mickey";"1759419325.691410968";"/home/yan/ros2_ws/src/ros_tutorials/turtlesim/src/turtle.cpp:update:288"
"Oh no! I hit the wall! (Clamping from [x=11,120671, y=4,984973])";"30";"leo";"1759419325.679191376";"/home/yan/ros2_ws/src/ros_tutorials/turtlesim/src/turtle.cpp:update:288"
"Oh no! I hit the wall! (Clamping from [x=11,120774, y=4,915423])";"30";"mickey";"1759419325.675272057";"/home/yan/ros2_ws/src/ros_tutorials/turtlesim/src/turtle.cpp:update:288"
"Oh no! I hit the wall! (Clamping from [x=11,120774, y=4,912712])";"30";"mickey";"1759419325.659122110";"/home/yan/ros2_ws/src/ros_tutorials/turtlesim/src/turtle.cpp:update:288"
"Oh no! I hit the wall! (Clamping from [x=11,120671, y=4,977514])";"30";"leo";"1759419325.647268878";"/home/yan/ros2_ws/src/ros_tutorials/turtlesim/src/turtle.cpp:update:288"
"Oh no! I hit the wall! (Clamping from [x=11,120882, y=4,201167])";"30";"raph";"1759419325.646252710";"/home/yan/ros2_ws/src/ros_tutorials/turtlesim/src/turtle.cpp:update:288"
"Oh no! I hit the wall! (Clamping from [x=11,120774, y=4,910001])";"30";"mickey";"1759419325.642915655";"/home/yan/ros2_ws/src/ros_tutorials/turtlesim/src/turtle.cpp:update:288"
"Oh no! I hit the wall! (Clamping from [x=11,120671, y=4,973784])";"30";"leo";"1759419325.631228735";"/home/yan/ros2_ws/src/ros_tutorials/turtlesim/src/turtle.cpp:update:288"
"Oh no! I hit the wall! (Clamping from [x=11,120882, y=4,200501])";"30";"raph";"1759419325.630065533";"/home/yan/ros2_ws/src/ros_tutorials/turtlesim/src/turtle.cpp:update:288"
"Oh no! I hit the wall! (Clamping from [x=11,120774, y=4,907290])";"30";"mickey";"1759419325.626770737";"/home/yan/ros2_ws/src/ros_tutorials/turtlesim/src/turtle.cpp:update:288"
"Oh no! I hit the wall! (Clamping from [x=11,120671, y=4,970055])";"30";"leo";"1759419325.615479863";"/home/yan/ros2_ws/src/ros_tutorials/turtlesim/src/turtle.cpp:update:288"
"Oh no! I hit the wall! (Clamping from [x=11,120882, y=4,199835])";"30";"raph";"1759419325.614387908";"/home/yan/ros2_ws/src/ros_tutorials/turtlesim/src/turtle.cpp:update:288"
"Oh no! I hit the wall! (Clamping from [x=11,120774, y=4,904579])";"30";"mickey";"1759419325.611426433";"/home/yan/ros2_ws/src/ros_tutorials/turtlesim/src/turtle.cpp:update:288"
"Oh no! I hit the wall! (Clamping from [x=11,120671, y=4,966325])";"30";"leo";"1759419325.600493118";"/home/yan/ros2_ws/src/ros_tutorials/turtlesim/src/turtle.cpp:update:288"
"Oh no! I hit the wall! (Clamping from [x=11,120882, y=4,199169])";"30";"raph";"1759419325.598651539";"/home/yan/ros2_ws/src/ros_tutorials/turtlesim/src/turtle.cpp:update:288"
"Oh no! I hit the wall! (Clamping from [x=11,120774, y=4,901868])";"30";"mickey";"1759419325.594424184";"/home/yan/ros2_ws/src/ros_tutorials/turtlesim/src/turtle.cpp:update:288"
"Oh no! I hit the wall! (Clamping from [x=11,120671, y=4,962596])";"30";"leo";"1759419325.583001784";"/home/yan/ros2_ws/src/ros_tutorials/turtlesim/src/turtle.cpp:update:288"
"Oh no! I hit the wall! (Clamping from [x=11,120882, y=4,198503])";"30";"raph";"1759419325.581895439";"/home/yan/ros2_ws/src/ros_tutorials/turtlesim/src/turtle.cpp:update:288"
"Oh no! I hit the wall! (Clamping from [x=11,120774, y=4,899158])";"30";"mickey";"1759419325.579010520";"/home/yan/ros2_ws/src/ros_tutorials/turtlesim/src/turtle.cpp:update:288"
"Oh no! I hit the wall! (Clamping from [x=11,120671, y=4,958866])";"30";"leo";"1759419325.567436546";"/home/yan/ros2_ws/src/ros_tutorials/turtlesim/src/turtle.cpp:update:288"
"Oh no! I hit the wall! (Clamping from [x=11,120882, y=4,197837])";"30";"raph";"1759419325.565933597";"/home/yan/ros2_ws/src/ros_tutorials/turtlesim/src/turtle.cpp:update:288"
"Oh no! I hit the wall! (Clamping from [x=11,120774, y=4,896447])";"30";"mickey";"1759419325.562971145";"/home/yan/ros2_ws/src/ros_tutorials/turtlesim/src/turtle.cpp:update:288"
"Oh no! I hit the wall! (Clamping from [x=11,120671, y=4,955136])";"30";"leo";"1759419325.551637243";"/home/yan/ros2_ws/src/ros_tutorials/turtlesim/src/turtle.cpp:update:288"
"Oh no! I hit the wall! (Clamping from [x=11,120882, y=4,197171])";"30";"raph";"1759419325.549678108";"/home/yan/ros2_ws/src/ros_tutorials/turtlesim/src/turtle.cpp:update:288"
"Oh no! I hit the wall! (Clamping from [x=11,120774, y=4,893736])";"30";"mickey";"1759419325.546910465";"/home/yan/ros2_ws/src/ros_tutorials/turtlesim/src/turtle.cpp:update:288"
"Oh no! I hit the wall! (Clamping from [x=11,120671, y=4,951407])";"30";"leo";"1759419325.535705226";"/home/yan/ros2_ws/src/ros_tutorials/turtlesim/src/turtle.cpp:update:288"
"Oh no! I hit the wall! (Clamping from [x=11,120882, y=4,196505])";"30";"raph";"1759419325.534596577";"/home/yan/ros2_ws/src/ros_tutorials/turtlesim/src/turtle.cpp:update:288"
"Oh no! I hit the wall! (Clamping from [x=11,120774, y=4,891025])";"30";"mickey";"1759419325.530608317";"/home/yan/ros2_ws/src/ros_tutorials/turtlesim/src/turtle.cpp:update:288"
"Oh no! I hit the wall! (Clamping from [x=11,120671, y=4,947677])";"30";"leo";"1759419325.518966379";"/home/yan/ros2_ws/src/ros_tutorials/turtlesim/src/turtle.cpp:update:288"
"Oh no! I hit the wall! (Clamping from [x=11,120882, y=4,195839])";"30";"raph";"1759419325.517903621";"/home/yan/ros2_ws/src/ros_tutorials/turtlesim/src/turtle.cpp:update:288"
"Oh no! I hit the wall! (Clamping from [x=11,120774, y=4,888314])";"30";"mickey";"1759419325.515033300";"/home/yan/ros2_ws/src/ros_tutorials/turtlesim/src/turtle.cpp:update:288"
"Oh no! I hit the wall! (Clamping from [x=11,120671, y=4,943948])";"30";"leo";"1759419325.503732437";"/home/yan/ros2_ws/src/ros_tutorials/turtlesim/src/turtle.cpp:update:288"
"Oh no! I hit the wall! (Clamping from [x=11,120882, y=4,195173])";"30";"raph";"1759419325.501799775";"/home/yan/ros2_ws/src/ros_tutorials/turtlesim/src/turtle.cpp:update:288"
"Oh no! I hit the wall! (Clamping from [x=11,120774, y=4,885604])";"30";"mickey";"1759419325.498761955";"/home/yan/ros2_ws/src/ros_tutorials/turtlesim/src/turtle.cpp:update:288"
"Oh no! I hit the wall! (Clamping from [x=11,120671, y=4,940218])";"30";"leo";"1759419325.487130705";"/home/yan/ros2_ws/src/ros_tutorials/turtlesim/src/turtle.cpp:update:288"
"Oh no! I hit the wall! (Clamping from [x=11,120882, y=4,194507])";"30";"raph";"1759419325.485921821";"/home/yan/ros2_ws/src/ros_tutorials/turtlesim/src/turtle.cpp:update:288"
"Oh no! I hit the wall! (Clamping from [x=11,120774, y=4,882893])";"30";"mickey";"1759419325.483080418";"/home/yan/ros2_ws/src/ros_tutorials/turtlesim/src/turtle.cpp:update:288"
"Oh no! I hit the wall! (Clamping from [x=11,120671, y=4,936489])";"30";"leo";"1759419325.471634758";"/home/yan/ros2_ws/src/ros_tutorials/turtlesim/src/turtle.cpp:update:288"
"Oh no! I hit the wall! (Clamping from [x=11,120882, y=4,193841])";"30";"raph";"1759419325.470466038";"/home/yan/ros2_ws/src/ros_tutorials/turtlesim/src/turtle.cpp:update:288"
"Oh no! I hit the wall! (Clamping from [x=11,120774, y=4,880182])";"30";"mickey";"1759419325.466493913";"/home/yan/ros2_ws/src/ros_tutorials/turtlesim/src/turtle.cpp:update:288"
"Oh no! I hit the wall! (Clamping from [x=11,120671, y=4,932759])";"30";"leo";"1759419325.455342318";"/home/yan/ros2_ws/src/ros_tutorials/turtlesim/src/turtle.cpp:update:288"
"Oh no! I hit the wall! (Clamping from [x=11,113668, y=4,193175])";"30";"raph";"1759419325.454244984";"/home/yan/ros2_ws/src/ros_tutorials/turtlesim/src/turtle.cpp:update:288"
"Oh no! I hit the wall! (Clamping from [x=11,120774, y=4,877471])";"30";"mickey";"1759419325.451434035";"/home/yan/ros2_ws/src/ros_tutorials/turtlesim/src/turtle.cpp:update:288"
"Oh no! I hit the wall! (Clamping from [x=11,120671, y=4,929029])";"30";"leo";"1759419325.439080193";"/home/yan/ros2_ws/src/ros_tutorials/turtlesim/src/turtle.cpp:update:288"
"Oh no! I hit the wall! (Clamping from [x=11,120774, y=4,874760])";"30";"mickey";"1759419325.434867577";"/home/yan/ros2_ws/src/ros_tutorials/turtlesim/src/turtle.cpp:update:288"
"Oh no! I hit the wall! (Clamping from [x=11,120671, y=4,925300])";"30";"leo";"1759419325.423663735";"/home/yan/ros2_ws/src/ros_tutorials/turtlesim/src/turtle.cpp:update:288"
"Oh no! I hit the wall! (Clamping from [x=11,120774, y=4,872049])";"30";"mickey";"1759419325.418989972";"/home/yan/ros2_ws/src/ros_tutorials/turtlesim/src/turtle.cpp:update:288"
"Oh no! I hit the wall! (Clamping from [x=11,096111, y=4,921570])";"30";"leo";"1759419325.407648667";"/home/yan/ros2_ws/src/ros_tutorials/turtlesim/src/turtle.cpp:update:288"
"Oh no! I hit the wall! (Clamping from [x=11,120774, y=4,869339])";"30";"mickey";"1759419325.403082403";"/home/yan/ros2_ws/src/ros_tutorials/turtlesim/src/turtle.cpp:update:288"
"Oh no! I hit the wall! (Clamping from [x=11,106351, y=4,866628])";"30";"mickey";"1759419325.386739392";"/home/yan/ros2_ws/src/ros_tutorials/turtlesim/src/turtle.cpp:update:288"
